title,price
Apple iPhone 15 Pro Max (256 GB) - Blue Titanium,"1,48,900"
Apple iPhone 15 Pro (1 TB) - Natural Titanium,"1,48,900"
Apple iPhone 15 Pro Max (256 GB) - Black Titanium,"1,48,900"
Apple iPhone 15 Pro Max (256 GB) - Blue Titanium,"1,96,900"
Apple iPhone 15 Pro Max (1 TB) - Black Titanium,"1,27,990"
Apple iPhone 15 Pro (128 GB) - White Titanium,"1,27,990"
Apple iPhone 15 Pro (128 GB) - Natural Titanium,"1,27,990"
Apple iPhone 15 Pro (128 GB) - Blue Titanium,"1,37,990"
Apple iPhone 15 Pro (256 GB) - White Titanium,"1,58,990"
Apple iPhone 15 Pro (1 TB) - Natural Titanium,"1,27,990"
Apple iPhone 15 Pro (512 GB) - Natural Titanium,"1,37,990"
Apple iPhone 15 Pro (128 GB) - Black Titanium,"1,77,990"
Apple iPhone 15 Pro (256 GB) - Blue Titanium,"1,77,990"
Apple iPhone 15 Pro (1 TB) - Blue Titanium,"1,37,990"
Apple iPhone 15 Pro (1 TB) - White Titanium,"1,58,990"
Apple iPhone 15 Pro (256 GB) - Natural Titanium,830
Apple iPhone 15 Pro (512 GB) - White Titanium,"1,29,915"
"Nillkin for iPhone 15 Pro Max case, CamShield Pro 15 Pro Max Case with Camera Cover, Slide Cover Compatible with iPhone 15 Pro Max 5G case 6.7'' (for iPhone 15 Pro Max(6.7 inch), Black)","9,999"
